{
  "n_features": {
    "mean": 220.0,
    "std": 1e-10
  },
  "n_signals": {
    "mean": 220.0,
    "std": 1e-10
  },
  "n_engines": {
    "mean": 3.0,
    "std": 1e-10
  },
  "pca_var_1": {
    "mean": 0.8728953651035315,
    "std": 1e-10
  },
  "pca_var_2": {
    "mean": 0.12710463489646848,
    "std": 1e-10
  },
  "pca_effective_dim": {
    "mean": 1.285178704071377,
    "std": 1e-10
  },
  "clustering_silhouette": {
    "mean": 0.8766299953755347,
    "std": 1e-10
  },
  "mst_total_weight": {
    "mean": 4.022284515831249,
    "std": 1e-10
  },
  "mst_avg_degree": {
    "mean": 0.0,
    "std": 1e-10
  },
  "lof_mean": {
    "mean": 1.9069080075923281,
    "std": 1e-10
  },
  "lof_n_outliers": {
    "mean": 4.0,
    "std": 1e-10
  },
  "distance_mean": {
    "mean": 0.708418923053573,
    "std": 1e-10
  },
  "distance_std": {
    "mean": 2.6018728182721094,
    "std": 1e-10
  },
  "mi_mean": {
    "mean": 1.0986122886681093,
    "std": 1e-10
  },
  "copula_upper_tail": {
    "mean": 0.7532467532467533,
    "std": 1e-10
  },
  "copula_lower_tail": {
    "mean": 0.0,
    "std": 1e-10
  },
  "hull_volume": {
    "mean": 0.0,
    "std": 1e-10
  },
  "hull_centroid_dist": {
    "mean": 0.516903543119114,
    "std": 1e-10
  }
}